Title,Link
Cacti.import_package.Arbitrary.File.Write,/encyclopedia/ips/56553
ParisNeo.LoLLMs.Server.install_extension.Remote.Code.Execution,/encyclopedia/ips/56549
Uniview.IP.Cameras.CVE-2021-45039.Remote.Code.Execution,/encyclopedia/ips/56544
WordPress.GiveWP.give_title.Command.Injection,/encyclopedia/ips/56543
WordPress.Plugin.LiteSpeed.Cache.Privilege.Escalation,/encyclopedia/ips/56548
Atlassian.Companion.CVE-2023-22524.Remote.Code.Execution,/encyclopedia/ips/56540
Atlassian.Bitbucket.CVE-2022-26133.Remote.Code.Execution,/encyclopedia/ips/56524
Atlassian.Fisheye.Login.Brute.Force,/encyclopedia/ips/56518
Softaculous.Webuzo.fpass.Authentication.Bypass,/encyclopedia/ips/56510
Uniview.IPC2322LB.Password.Recovery.Authentication.Bypass,/encyclopedia/ips/56505
Dahua.Products.Loopback.Authentication.Bypass,/encyclopedia/ips/56500
Dahua.Products.NetKeyboard.Authentication.Bypass,/encyclopedia/ips/56499
Inoideas.inoERP.download.php.SQL.Injection,/encyclopedia/ips/55611
Layer5.Meshery.order.SQL.Injection,/encyclopedia/ips/55522
Raisecom.Gateway.Devices.Base.Config.Command.Injection,/encyclopedia/ips/56494
WordPress.Dokan.Pro.admin.SQL.Injection,/encyclopedia/ips/56473
WordPress.Quiz.Maker.admin-ajax.SQL.Injection,/encyclopedia/ips/56471
Cisco.SSM.On-Prem.Authentication.Bypass,/encyclopedia/ips/56429
Stition.AI.Devika.snapshot_path.Path.Traversal,/encyclopedia/ips/56380
TOTOLINK.A3600R.cstecgi.Buffer.Overflow,/encyclopedia/ips/56286
Apache.OFBiz.Endpoints.Incorrect.Authorization.Code.Execution,/encyclopedia/ips/56373
GL.iNet.Devices.libglutil.so.Buffer.Overflow,/encyclopedia/ips/56224
TOTOLINK.A6000R.apcli_do_enr_pbc_wps.Command.Injection,/encyclopedia/ips/56216
TOTOLINK.A6000R.apcli_do_enr_pin_wps.Command.Injection,/encyclopedia/ips/56213
TOTOLINK.A6000R.apcli_wps_gen_pincode.Command.Injection,/encyclopedia/ips/56212
TOTOLINK.A6000R.vif_disable.Command.Injection,/encyclopedia/ips/56222
Draytek.Vigor.user_login.cgi.Format.String,/encyclopedia/ips/56335
NUUO.NVR.Devices.Debugging.Center.Command.Injection,/encyclopedia/ips/56256
Rockwell.Automation.FactoryTalk.View.ME.Remote.Code.Execution,/encyclopedia/ips/56289
IPeakCMS.CVE-2021-3018.SQL.Injection,/encyclopedia/ips/56267
Oracle.Hospitality.OPERA5.CVE-2023-21932.Remote.Code.Execution,/encyclopedia/ips/56265
ServiceNow.jvar_page_title.Jelly.Remote.Code.Execution,/encyclopedia/ips/56273
WordPress.PHP.Everywhere.Preview.Remote.Code.Execution,/encyclopedia/ips/56269
WordPress.PHP.Everywhere.shortcode.Remote.Code.Execution,/encyclopedia/ips/56268
D-Link.DIR-822.upload_firmware.cgi.Command.Injection,/encyclopedia/ips/56207
Toshiba.Multi.Function.Printers.Multiple.Vulnerabilities,/encyclopedia/ips/56143
GeoServer.OGC.Eval.Remote.Code.Execution,/encyclopedia/ips/56197
TOTOLINK.CP450.setLanguageCfg.Buffer.Overflow,/encyclopedia/ips/56194
Tenda.AC18.SetRemoteWebCfg.Buffer.Overflow,/encyclopedia/ips/56155
Ivanti.EPM.Core.Server.CVE-2024-29824.SQL.Injection,/encyclopedia/ips/56195
Zyxel.NAS326.register_main.OS.Command.Injection,/encyclopedia/ips/56193
Jeecgboot.JimuReport.queryFieldBySql.Command.Injection,/encyclopedia/ips/56153
MiniDVBLinux.command.Parameter.Command.Injection,/encyclopedia/ips/56137
Cassia.IoT.Gateways.bypass.config.queueUrl.Command.Injection,/encyclopedia/ips/56102
Zyxel.NAS.simZysh.setCookie.Code.Injection,/encyclopedia/ips/56113
nuxt.test-component-wrapper.Code.Injection,/encyclopedia/ips/56145
Adobe.Commerce.estimate-shipping-methods.XXE,/encyclopedia/ips/56136
Progress.WhatsUp.Gold.GetFileWithoutZip.Remote.Code.Execution,/encyclopedia/ips/56135
Sharp.Multi.Function.Printers.Multiple.Vulnerabilities,/encyclopedia/ips/56125
TOTOLINK.A3700R.SetWiFiGuestCfg.Buffer.Overflow,/encyclopedia/ips/56089
TOTOLINK.A3700R.setWiFiBasicCfg.Buffer.Overflow,/encyclopedia/ips/56091
TOTOLINK.A3700R.setWiFiEasyCfg.Buffer.Overflow,/encyclopedia/ips/56090
Fortra.FileCatalyst.Workflow.pdf_servlet.SQL.Injection,/encyclopedia/ips/56097
Frangoteam.FUXA.runscript.Remote.Code.Execution,/encyclopedia/ips/56098
PowerJob.job.save.processorInfo.Command.Injection,/encyclopedia/ips/54649
Progress.MOVEit.Transfer.SFTP.Authentication.Bypass,/encyclopedia/ips/56101
TELSAT.marKoni.FM.Transmitter.Password.Authentication.Bypass,/encyclopedia/ips/56100
Uniview.ISC.2500-S.VM.php.setNatConfig.Command.Injection,/encyclopedia/ips/56087
Weaver.E-Office.mobile_upload_save.Arbitrary.File.Upload,/encyclopedia/ips/56104
Weaver.E-Office.uploadify.Arbitrary.File.Upload,/encyclopedia/ips/56103
Ruijie.RG-UAC.get_ip_addrs_details.Command.Injection,/encyclopedia/ips/56079
Apache.HugeGraph.Gremlin.Command.Injection,/encyclopedia/ips/56078
Coship.Devices.apply.cgi.Authetication.Bypass,/encyclopedia/ips/56059
Coship.WM3300.wl_security_2G.asp.Authentication.Bypass,/encyclopedia/ips/56058
TOTOLINK.A3700R.cstecgi.Buffer.Overflow,/encyclopedia/ips/56061
TOTOLINK.A3700R.setIpPortFilterRules.Buffer.Overflow,/encyclopedia/ips/56063
TOTOLINK.A6000R.vif_enable.Command.Injection,/encyclopedia/ips/56077
ProLink.PRC2402M.Set_TR069.Command.Injection,/encyclopedia/ips/56034
TOTOLINK.A3700R.setWizardCfg.Buffer.Overflow,/encyclopedia/ips/56050
Tenda.O3V2.SetStp.Command.Injection,/encyclopedia/ips/56051
Thecus.4800Eco.Setmain.Command.Injection,/encyclopedia/ips/56015
Rejetto.HFS.CVE-2024-23692.Server-Side.Template.Injection,/encyclopedia/ips/56049
Elber.Multiple.Devices.json_data.Authentication.Bypass,/encyclopedia/ips/56025
Progress.Telerik.Report.Server.Register.Authentication.Bypass,/encyclopedia/ips/56035
Progress.Telerik.Report.Server.Report.Insecure.Deserialization,/encyclopedia/ips/56038
Tongda.Office.Anywhere.seal_manage.delete_seal.SQL.Injection,/encyclopedia/ips/56043
Tongda.Office.Anywhere.staff_reinstatement.delete.SQL.Injection,/encyclopedia/ips/56039
Aquatronica.Control.System.tcp.php.Information.Disclosure,/encyclopedia/ips/56008
D-Link.DAR-7000.mailrecvview.php.Command.Injection,/encyclopedia/ips/56001
MS.Windows.CVE-2024-30080.Code.Execution,/encyclopedia/ips/55937
TendaW.20E.formIPMacBindModify.Buffer.Overflow,/encyclopedia/ips/55995
changedetection.io.notification_body.Remote.Code.Execution,/encyclopedia/ips/56007
WordPress.Hash.Form.Plugin.Arbitrary.File.Upload,/encyclopedia/ips/55998
Lantronix.PremierWave2050.FsBrowseClean.Buffer.Overflow,/encyclopedia/ips/55991
Lantronix.PremierWave2050.FsUnmount.Buffer.Overflow,/encyclopedia/ips/55990
Lantronix.PremierWave2050.SslGenerateCSR.Buffer.Overflow,/encyclopedia/ips/55989
Optilink.OP-XT71000N.Diag_tracert_admin.Command.Injection,/encyclopedia/ips/55983
Justice.AV.Solutions.Viewer.fffmpeg.Backdoor,/encyclopedia/ips/55981
Crestron.Devices.PARSERtoCHAR.Buffer.Overflow,/encyclopedia/ips/55578
Dell.OpenManage.Server.Administrator.Arbitrary.File.Read,/encyclopedia/ips/55977
Google.Chrome.DevTools.Runtime.evaluate.Sandbox.Bypass,/encyclopedia/ips/55972
NVS365.netchkCfg.address.Parameter.Command.Injection,/encyclopedia/ips/55950
TOTOLINK.Devices.cstecgi.setIpPortFilterRules.Buffer.Overflow,/encyclopedia/ips/55955
ZBT.WE1626.Network.Diagnosis.test_wget.Privilege.Elevation,/encyclopedia/ips/55947
Zyxel.NAS.SetTimeMachineStatus.Target_share.Command.Injection,/encyclopedia/ips/55190
Adobe.Acrobat.CVE-2019-8048.Buffer.Overflow,/encyclopedia/ips/55970
PHP.Filters.Chain.Remote.Code.Execution,/encyclopedia/ips/55964
Adobe.Acrobat.CVE-2019-8016.Memory.Corruption,/encyclopedia/ips/55954
Adobe.Acrobat.CoolType.AFDKO.Memory.Corruption,/encyclopedia/ips/55946
FortiSIEM.API.element.Command.Injection,/encyclopedia/ips/55953
Byzoro.Smart.S80.webmailattach.Command.Injection,/encyclopedia/ips/55929
Agentejo.Cockpit.registerCriteriaFunction.Code.Injection,/encyclopedia/ips/55767
ArticleCMS.Upload.Image.Arbitrary.File.Upload,/encyclopedia/ips/55733
D-Link.DIR-822.LoginPassword.Authentication.Bypass,/encyclopedia/ips/55903
D-Link.DIR-846.SetAutoUpgradeInfo.Command.Injection,/encyclopedia/ips/55812
D-Link.DSR-250.DSR-1000.UPnP.Service.Command.Injection,/encyclopedia/ips/55830
FreeRDP.CVE-2024-32459.Out-of-Bounds.Read,/encyclopedia/ips/55928
Freelancy.API.Files.Remote.Code.Execution,/encyclopedia/ips/55781
IO-DATA.WFS-SR03.Pro_stor_canceltrans.Command.Injection,/encyclopedia/ips/55911
TOTOLINK.Devices.cstecgi.Buffer.Overflow,/encyclopedia/ips/55925
TOTOLINK.EX1800T.apcliEncrypType.Command.Injection,/encyclopedia/ips/55902
TOTOLINK.LR350.cstecgi.Buffer.Overflow,/encyclopedia/ips/55927
Tenda.Devices.fromNatlimit.Buffer.Overflow,/encyclopedia/ips/55921
Viessmann.Vitogate.300.Hardcoded.Credentials.Access,/encyclopedia/ips/55875
WordPress.Business.Directory.class-search.SQL.Injection,/encyclopedia/ips/55926
WordPress.Hotel.Booking.Plugin.Insecure.Deserialization,/encyclopedia/ips/55803
WordPress.Stop.Spammers.Plugin.Insecure.Deserialization,/encyclopedia/ips/55809
WWBN.AVideo.SystemRootPath.Remote.Code.Execution,/encyclopedia/ips/55918
Cacti.cmd_realtime.Command.Injection,/encyclopedia/ips/55907
Lantronix.PremierWave.2050.SslGenerate.Command.Injection,/encyclopedia/ips/55468
D-Link.DAR-7000.webmailattach.Command.Injection,/encyclopedia/ips/55869
Oria.Gridx.test_grid_filter.query.Remote.Code.Execution,/encyclopedia/ips/55893
WAYOS.FBM-291W.Upgrade_filter.Buffer.Overflow,/encyclopedia/ips/55866
Zabbix.Server.Audit.Log.SQL.Injection,/encyclopedia/ips/55901
Rust.Standard.Library.BatBadBut.Remote.Code.Execution,/encyclopedia/ips/55882
TP-Link.WR-886N.check_reg_verify_code.Buffer.Overflow,/encyclopedia/ips/55838
TP-Link.WR-886N.check_reset_pwd_verify_code.Buffer.Overflow,/encyclopedia/ips/55842
TP-Link.WR-886N.cloud_device.info.Buffer.Overflow,/encyclopedia/ips/55846
TP-Link.WR-886N.get_reg_verify_code.Buffer.Overflow,/encyclopedia/ips/55847
TP-Link.WR-886N.get_reset_pwd_veirfy_code.Buffer.Overflow,/encyclopedia/ips/55848
TP-Link.WR-886N.modify_account_pwd.Buffer.Overflow,/encyclopedia/ips/55851
TP-Link.WR-886N.reset_cloud_pwd.Buffer.Overflow,/encyclopedia/ips/55853
TP-Link.WR-886N.router_post.login.Buffer.Overflow,/encyclopedia/ips/55849
TP-Link.WR-886N.router_post.register.Buffer.Overflow,/encyclopedia/ips/55850
TP-Link.WR-886N.upgrade_info.Buffer.Overflow,/encyclopedia/ips/55856
Tenda.Devices.setSambaCfg.Command.Injection,/encyclopedia/ips/55857
Ubiquiti.EdgeRouter.X.OSPF.Handler.Command.Injection,/encyclopedia/ips/55855
CyberPower.PowerPanel.Enterprise.MCUDBHelper.SQL.Injection,/encyclopedia/ips/55861
Ampache.get_info.SQL.Injection,/encyclopedia/ips/55785
Byzoro.Smart.Management.importexport.php.Remote.Code.Execution,/encyclopedia/ips/55829
Byzoro.Smart.userattestation.php.Arbitrary.File.Upload,/encyclopedia/ips/55802
Eveo.URVE.Web.Manager.vpro.Command.Injection,/encyclopedia/ips/55757
Linksys.E1700.NTP.setDateTime.Command.Injection,/encyclopedia/ips/55799
Linksys.RE7000.AccessControlList.Command.Injection,/encyclopedia/ips/55828
MS.SharePoint.Server.CVE-2024-30044.Remote.Code.Execution,/encyclopedia/ips/55760
Nagios.IM.Void.Token.Authentication.Bypass,/encyclopedia/ips/55787
Positron.TRA7005.Password.Management.Authentication.Bypass,/encyclopedia/ips/55834
TOTOLINK.A7100RU.cstecgi.Buffer.Overflow,/encyclopedia/ips/55806
USVN.Timeline.Remote.Code.Execution,/encyclopedia/ips/55814
WAYOS.FBM-291W.Upgrade_filter.Command.Injection,/encyclopedia/ips/55798
Nortek.Linear.eMerge.CVE-2019-7268.Arbitrary.File.Upload,/encyclopedia/ips/55743
Nortek.Linear.eMerge.saveS2ConfVals.Command.Injection,/encyclopedia/ips/55745
Optergy.Device.Console.Backdoor.Remote.Code.Execution,/encyclopedia/ips/55748
Axigen.Mail.Server.serverName_input.XSS,/encyclopedia/ips/55796
CyberArk.Enterprise.Password.Vault.XXE,/encyclopedia/ips/55734
Dell.OpenManage.Server.Administrator.Authentication.Bypass,/encyclopedia/ips/55699
Delta.Electronics.DIAEnergie.RecalculateHDMWYC.SQL.Injection,/encyclopedia/ips/55782
Joomla!.CMS.com_users.SQL.Injection,/encyclopedia/ips/55769
WordPress.Membership.For.WooCommerce.Arbitrary.File.Upload,/encyclopedia/ips/55788
Zen.Cart.IT-Recht.Kanzlei.rechtstext_language.SQL.Injection,/encyclopedia/ips/55775
Amino.Communications.STB.EntoneWebEngine.Command.Injection,/encyclopedia/ips/55711
D-Link.DIR-822.HNAP1.ChgSambaUserSettings.Command.Injection,/encyclopedia/ips/55716
Damstra.Smart.Asset.originator.Parameter.SQL.Injection,/encyclopedia/ips/55720
Delta.Electronics.DIAEnergie.RecalculateScript.SQL.Injection,/encyclopedia/ips/55780
Edgecore.ECS2020.EXCU_SHELL.Command.Injection,/encyclopedia/ips/55722
FLIR.AX8.Res_php.Command.Injection,/encyclopedia/ips/55719
NETGEAR.WNR2000v4.SOAP.UserAgent.Command.Injection,/encyclopedia/ips/55724
Tenda.AX3.SetNetControlList.list.Command.Injection,/encyclopedia/ips/55701
Western.Digital.My.Cloud.Devices.reg_device.Command.Injection,/encyclopedia/ips/55714
Xinuos.Openserver.printbook.Command.Injection,/encyclopedia/ips/55708
ASUS.Devices.blocking.asp.Parameters.Buffer.Overflow,/encyclopedia/ips/55538
Agentejo.Cockpit.Controller.auth.php.Multiple.SQL.Injection,/encyclopedia/ips/55762
Cisco.Firepower.Mgmt.Center.Configuration.Command.Injection,/encyclopedia/ips/55759
Compal.CH7465LG.Ping.Traceroute.URL.Settings.Code.Execution,/encyclopedia/ips/55686
D-Link.Central.WiFi.Manager.PayAction.SQL.Injection,/encyclopedia/ips/55700
D-Link.DIR-605L.FormSetACLFilter.CurTime.Buffer.Overflow,/encyclopedia/ips/55426
D-Link.DIR-605L.FormSetEmail.Buffer.Overflow,/encyclopedia/ips/55342
D-Link.DIR-605L.formWPS.Webpage.Buffer.Overflow,/encyclopedia/ips/55432
D-Link.DIR-816L.formSetRoute.Buffer.Overflow,/encyclopedia/ips/55428
D-Link.DIR-846.SetMasterWLanSettings.Command.Injection,/encyclopedia/ips/55698
D-Link.DIR-846.SetNetworkTomographySettings.Command.Injection,/encyclopedia/ips/55694
D-Link.DIR-846.SetWizardConfig.Command.Injection,/encyclopedia/ips/55697
D-Link.DIR-859.soap.cgi.service.Command.Injection,/encyclopedia/ips/55690
Gambio.Parcelshopfinder.Search.Insecure.Deserialization,/encyclopedia/ips/55766
LBT.T300-T310.ApCliEncrypType.Buffer.Overflow,/encyclopedia/ips/55203
Netis.Devices.Netcore_set.Tools_ip_url.Command.Injection,/encyclopedia/ips/55189
Netis.N3Mv2.NtpServIP.Command.Injection,/encyclopedia/ips/55180
Netis.N3Mv2.Pin_host.Command.Injection,/encyclopedia/ips/55182
Netis.WF2780.Wps_ap_ssid5g.Command.Injection,/encyclopedia/ips/55176
Ruckus.Unleashed.Cmdstat.UploadFile.Command.Injection,/encyclopedia/ips/55447
eQ-3.HomeMatic.verifysid.cgi.Remote.Code.Execution,/encyclopedia/ips/55644
eQ-3.Homematic.Exec_cgi.Remote.Code.Execution,/encyclopedia/ips/55539
Ambarella.Oryx.RTSP.Server.username.Buffer.Overflow,/encyclopedia/ips/55738
Progress.OpenEdge.Authentication.Bypass,/encyclopedia/ips/55736
CWP.API.add_server.Arbitrary.File.Write,/encyclopedia/ips/55670
Cisco.Enterprise.NFVIS.TACACS.Authentication.Bypass,/encyclopedia/ips/55684
Compal.CH7465LG.Setter.Command.Injection,/encyclopedia/ips/55550
Crestron.Devices.Return_cgi.Authentication.Bypass,/encyclopedia/ips/55582
D-Link.DIR-823G.HNAP1.Captcha.Command.Injection,/encyclopedia/ips/55680
D-Link.DIR-823G.HNAP1.PrivateLogin.Command.Injection,/encyclopedia/ips/55682
Discord.Probot.Unrestricted.File.Upload,/encyclopedia/ips/55333
Emerson.Dixell.XWEB-500.Arbitrary.File.Write,/encyclopedia/ips/55639
Emerson.XWEB.300D.EVO.Path.Traversal,/encyclopedia/ips/55647
Google.Chrome.Portals.CVE-2021-37973.Use.After.Free,/encyclopedia/ips/55643
H3C.GR-1200W.WanModeSetMultiWan.Buffer.Overflow,/encyclopedia/ips/54902
H3C.Magic.Devices.Ajaxmsg.Buffer.Overflow,/encyclopedia/ips/54898
H3C.Magic.Devices.Delstlist.Buffer.Overflow,/encyclopedia/ips/54890
H3C.Magic.R200.Doping.HOST.Buffer.Overflow,/encyclopedia/ips/54899
H3C.Magic.R200.Doping.INTF.Buffer.Overflow,/encyclopedia/ips/54900
H3C.Magic.R200.EdittriggerList.Buffer.Overflow,/encyclopedia/ips/54878
H3C.Magic.R200.dotrace.INTF.Buffer.Overflow,/encyclopedia/ips/54882
H3C.Magic.R200.ihomers.app.Buffer.Overflow,/encyclopedia/ips/54889
H3C.Magic.R200.ipqos_lanip_editlist.Buffer.Overflow,/encyclopedia/ips/54888
LightCMS.Admin.NEditorController.Arbitrary.File.Access,/encyclopedia/ips/55414
Nokia.I-240W-Q.Fsetup_Form.Stack.Buffer.Overflow,/encyclopedia/ips/55581
Pandora.FMS.File.Manager.Arbitrary.File.Upload,/encyclopedia/ips/55668
Piwigo.cat_move.selection.parent.Parameter.SQL.Injection,/encyclopedia/ips/55216
Symantec.Messaging.Gateway.Keyview.WordPerfect.Buffer.Overflow,/encyclopedia/ips/55713
TOTOLINK.A3002RU.ftpUser.Command.Injection,/encyclopedia/ips/55592
TOTOLINK.A3002RU.sambaUser.Command.Injection,/encyclopedia/ips/55590
TOTOLINK.Devices.setTelnetCfg.Authentication.Bypass,/encyclopedia/ips/55117
Tenda.Devices.SetStaticRouteCfg.Buffer.Overflow,/encyclopedia/ips/54871
Tenda.Devices.formSetMacFilterCfg.Buffer.Overflow,/encyclopedia/ips/55006
Tenda.Devices.fromAdvSetMacMtuWan.Buffer.Overflow,/encyclopedia/ips/54875
Tenda.Devices.fromSetIpMacBind.Buffer.Overflow,/encyclopedia/ips/54873
TerraMaster.NAS.app_start_stop.Command.Injection,/encyclopedia/ips/55683
Tripp.Lite.PDUMH15AT.Forms.Authentication.Bypass,/encyclopedia/ips/55575
Western.Digital.My.Cloud.NAS.jqueryFileTree.Command.Injection,/encyclopedia/ips/55674
WordPress.ValvePress.Automatic.csv.php.SQL.Injection,/encyclopedia/ips/55710
CrushFTP.VFS.Bypass.CVE-2024-4040.SSTI,/encyclopedia/ips/55693
OpenSIS.Multiple.Modules.Subdirectory.Endpoint.SQL.Injection,/encyclopedia/ips/55654
OpenSIS.Multiple.PHP.Endpoints.SQL.Injection,/encyclopedia/ips/55652
OpenSIS.index.php.Handling.Authentication.Bypass,/encyclopedia/ips/55655
Torrentpier.Search.bb_t.Cookie.Insecure.Deserialization,/encyclopedia/ips/55659
Django.Password.Reset.Unicode.Security.Bypass,/encyclopedia/ips/55640
DrayTek.Vigor2960.mainfunction.formpassword.Command.Injection,/encyclopedia/ips/55551
Ipack.Scada.Automation.login_check.SQL.Injection,/encyclopedia/ips/55637
NETGEAR.AC1200.R6220.URL.Null.Byte.Authentication.Bypass,/encyclopedia/ips/55613
Tenda.Devices.setDebugCfg.Buffer.Overflow,/encyclopedia/ips/55458
Tenda.G0.Devices.setDebugCfg.enable.Param.Command.Injection,/encyclopedia/ips/55446
Tenda.W20E.Devices.delDhcpRules.Buffer.Overflow,/encyclopedia/ips/55462
Tenda.W20E.Devices.delIpMacBind.Buffer.Overflow,/encyclopedia/ips/55459
Altova.MobileTogether.workflowmanagement.XXE,/encyclopedia/ips/55601
D-Link.DIR-816.form2userconfig.cgi.username.Command.Injection,/encyclopedia/ips/55636
DeDeCMS.login.php.userid.Remote.Code.Execution,/encyclopedia/ips/55576
EPrints.cal.Command.Injection,/encyclopedia/ips/55443
Gotenberg.File.Upload.Path.Traversal,/encyclopedia/ips/55620
IP-COM.M50.formSetUSBPartition.Command.Injection,/encyclopedia/ips/55402
IP-COM.M50.setFixTools.Command.Injection,/encyclopedia/ips/55399
Mercury.Devices.pptp_server.Command.Injection,/encyclopedia/ips/55577
MotoCMS.Store.Template.Server-Side.Template.Injection,/encyclopedia/ips/54911
Nuance.Winscribe.Dictation.Login.SQL.Injection,/encyclopedia/ips/55603
Projectsend.import-orphans.Files.Path.Traversal,/encyclopedia/ips/55572
Python.rpc.py.Pickle.Deseralization.Remote.Code.Execution,/encyclopedia/ips/55573
Qualcomm.Atheros.lbd.service.Command.Injection,/encyclopedia/ips/55632
Sitecore.Experience.TemplateParser.Remote.Code.Execution,/encyclopedia/ips/54880
TOTOLINK.EX200.downloadFlile.Command.Injection,/encyclopedia/ips/55584
Tenda.AC10U.Devices.SetSysTimeCfg.timeZone.Buffer.Overflow,/encyclopedia/ips/55565
TerraMaster.TOS.api.php.createRaid.Remote.Code.Execution,/encyclopedia/ips/55625
WBCE.CMS.Password.Reset.SQL.Injection,/encyclopedia/ips/55607
ZEROF.Web.Server.HandleEvent.SQL.Injection,/encyclopedia/ips/55535
Zyxel.NWA-1100-NH.Login.Command.Injection,/encyclopedia/ips/55566
Carel.Boss.Mini.Servlet.Document.File.Inclusion,/encyclopedia/ips/55615
Lantronix.PremierWave.2050.Ping.Command.Injection,/encyclopedia/ips/55448
Lantronix.PremierWave.2050.SSL.Private.Key.Command.Injection,/encyclopedia/ips/55383
Wavlink.Devices.wireless.cgi.macAddr.Command.Injection,/encyclopedia/ips/55076
rConfig.rConfig.compliancepolicies.inc.php.SQL.Injection,/encyclopedia/ips/55545
rConfig.rConfig.compliancepolicyelements.inc.php.SQL.Injection,/encyclopedia/ips/55546
rConfig.rConfig.devices.inc.php.SQL.Injection,/encyclopedia/ips/55547
rConfig.rConfig.snippets.inc.php.SQL.Injection,/encyclopedia/ips/55548
ASUS.GT-AC2900.asus_token.Authentication.Bypass,/encyclopedia/ips/55524
Cisco.IOS.HTTP.Administration.CSRF,/encyclopedia/ips/55574
Gridpro.Request.Management.ScriptName.Path.Traversal,/encyclopedia/ips/55552
Moodle.Library.Courses.sort.SQL.Injection,/encyclopedia/ips/55569
Ray.Project.cpu_profile.Code.Injection,/encyclopedia/ips/55568
ZEROF.Expert.pro.add.SQL.Injection,/encyclopedia/ips/55541
COMMSCOPE.ARRIS.TR3300.user.cgi.Command.Injection,/encyclopedia/ips/55067
Cisco.IOS.Software.Smart.Install.Remote.Code.Execution,/encyclopedia/ips/55556
Intelbras.WRN240.RouterBakCfgUpload.Authentication.Bypass,/encyclopedia/ips/55533
Lantronix.PremierWave.2050.Traceroute.Command.Injection,/encyclopedia/ips/55381
OpenMetadata.JwtFilter.Authentication.Bypass,/encyclopedia/ips/55561
Tenda.AC11.Devices.setwanType.Buffer.Overflow,/encyclopedia/ips/55496
Tenda.AC11.setVLAN.Buffer.Overflow,/encyclopedia/ips/55498
Tenda.AC11.setportList.Buffer.Overflow,/encyclopedia/ips/55499
Tenda.AX1803.wpapsk_crypto.Parameter.Buffer.Overflow,/encyclopedia/ips/55162
rConfig.rConfig.commands.inc.php.SQL.Injection,/encyclopedia/ips/55542
Palo.Alto.Networks.CVE-2024-3400.Command.Injection,/encyclopedia/ips/55555
TELSAT.marKoni.FM.Transmitter.url.Command.Injection,/encyclopedia/ips/55544
WordPress.LayerSlider.admin-ajax.SQL.Injection,/encyclopedia/ips/55530
WordPress.LearnPress.load_content_via_ajax.Command.Injection,/encyclopedia/ips/55543
CData.Jetty.Server.Path.Traversal,/encyclopedia/ips/55513
Magnolia.CMS.Registration.Server-Side.Template.Injection,/encyclopedia/ips/55514
WordPress.ChatBot.Plugin.CVE-2023-1650.Remote.Code.Execution,/encyclopedia/ips/54918
D-Link.DIR-809.FormVirtualApp.Name.Buffer.Overflow,/encyclopedia/ips/55324
D-Link.DIR-809.FormWlanSetup.SSID.Buffer.Overflow,/encyclopedia/ips/55328
D-Link.DIR-809.FromLogi.CurUid.Buffer.Overflow,/encyclopedia/ips/55322
D-Link.DIR-816.Statuscheckpppoeuser.Command.Injection,/encyclopedia/ips/55478
D-Link.Devices.FormLogin.FILECODE.Buffer.Overflow,/encyclopedia/ips/55330
Dolusoft.SaveUploadedHotspotLogoFile.Arbitrary.File.Upload,/encyclopedia/ips/55486
Doyocms.pay.php.SQL.Injection,/encyclopedia/ips/55463
China.Mobile.Lianbao.WF-1.Set_online_client.Command.Injection,/encyclopedia/ips/55284
China.Mobile.Lianbao.WF-1.ZRIGMP.Command.Injection,/encyclopedia/ips/55274
China.Mobile.Lianbao.WF-1.ZRIptv.Command.Injection,/encyclopedia/ips/55275
China.Mobile.Lianbao.WF-1.ZRUsb.Command.Injection,/encyclopedia/ips/55273
China.Mobile.WF-1.Set_ZRAndlink.Command.Injection,/encyclopedia/ips/55283
D-Link.DIR-809.FormAdvFirewall.FW_description.Buffer.Overflow,/encyclopedia/ips/55287
D-Link.DIR-809.FormSetPortTr.InputPortRng.Buffer.Overflow,/encyclopedia/ips/55285
D-Link.DIR-809.FormSetPortTr.Sched_name.Buffer.Overflow,/encyclopedia/ips/55286
D-Link.DIR-809.FormStaticDHCP.Hostname.Buffer.Overflow,/encyclopedia/ips/55320
D-Link.DIR-809.FormVirtualServ.Name.Buffer.Overflow,/encyclopedia/ips/55288
IP-COM.M50.formIPMacBindModify.Buffer.Overflow,/encyclopedia/ips/55291
IP-COM.M50.formSetDebugCfg.Command.Injection,/encyclopedia/ips/55289
IP-COM.M50.formSetPortMapping.Buffer.Overflow,/encyclopedia/ips/55290
ONLYOFFICE.DocumentServer.converter.Path.Traversal,/encyclopedia/ips/55424
OpenCATS.DataGrid.Insecure.Deserialization,/encyclopedia/ips/55422
Robustel.R1510.ajax.clear_tools_log.Command.Injection,/encyclopedia/ips/55299
Robustel.R1510.ajax.config_rollback.Command.Injection,/encyclopedia/ips/55318
Robustel.R1510.ajax.remove.Command.Injection,/encyclopedia/ips/55316
Robustel.R1510.ajax.remove_sniffer_raw_log.Command.Injection,/encyclopedia/ips/55317
Robustel.R1510.ajax.set_sys_time.Command.Injection,/encyclopedia/ips/55315
Tenda.Devices.expandDlnaFile.Buffer.Overflow,/encyclopedia/ips/55298
Tenda.W30E.formRebootMeshNode.rebootMesh.Buffer.Overflow,/encyclopedia/ips/54892
WordPress.Ultimate.Member.admin-ajax.SQL.Injection,/encyclopedia/ips/55449
Belkin.N300.Setting_hidden.Command.Injection,/encyclopedia/ips/55264
D-Link.DIR-816.form2Wan.cgi.Buffer.Overflow,/encyclopedia/ips/55265
TP-Link.M7350.qcmap_web_cgi.Command.Injection,/encyclopedia/ips/55268
WordPress.MasterStudy.LMS.REST.Route.SQL.Injection,/encyclopedia/ips/55418
WordPress.WP.Data.Access.Plugin.backup_date.SQL.Injection,/encyclopedia/ips/55411
WordPress.WPCargo.Plugin.barcode.php.Arbitrary.File.Upload,/encyclopedia/ips/55415
COMFAST.CF-XR11.Mbox-config.Command.Injection,/encyclopedia/ips/55155
COMFAST.CF-XR11.Timestr.Command.Injection,/encyclopedia/ips/55156
D-Link.DIR-816.SystemCommand.Command.Injection,/encyclopedia/ips/55254
D-Link.DIR-816.wizard_end.Authentication.Bypass,/encyclopedia/ips/55252
D-Link.Go-RT-AC750.hnap_main.Buffer.Overflow,/encyclopedia/ips/55174
GL.iNet.MT3000.rpc.Logread.Command.Injection,/encyclopedia/ips/55160
H3C.Devices.aspForm.Command.Injection,/encyclopedia/ips/55217
Mega.MSNSwitch.ExportSettings.Remote.Code.Execution,/encyclopedia/ips/55158
Netcomm.Devices.rtroutecfg.Buffer.Overflow,/encyclopedia/ips/55200
Netis.WF2780.Config_sequence.Command.Injection,/encyclopedia/ips/55173
TOTOLINK.Devices.setMacFilterRules.Buffer.Overflow,/encyclopedia/ips/55214
TOTOLINK.Devices.setStaticDhcpConfig.Buffer.Overflow,/encyclopedia/ips/55201
TOTOLINK.N600R.UploadCustomModule.Buffer.Overflow,/encyclopedia/ips/55215
TOTOLINK.N600R.setIpPortFilterRules.Buffer.Overflow,/encyclopedia/ips/55213
TOTOLINK.N600R.setPortForwardRules.Buffer.Overflow,/encyclopedia/ips/55205
TOTOLINK.N600R.setWifiAclAddConfig.Buffer.Overflow,/encyclopedia/ips/55211
TOTOLINK.N600R.setWifiRepeaterConfig.Buffer.Overflow,/encyclopedia/ips/55212
Tenda.AX1803.ssid.Parameter.Buffer.Overflow,/encyclopedia/ips/55163
Tenda.Devices.formSetPortMapping.Buffer.Overflow,/encyclopedia/ips/55249
Tenda.Devices.setIPv6Status.conType.Buffer.Overflow,/encyclopedia/ips/55181
Wavlink.WL-WN575A3.Adm.cgi.Sysinit.Command.Injection,/encyclopedia/ips/55154
Anyscale.Ray.URL.Parameter.Information.Disclosure,/encyclopedia/ips/55282
Anyscale.Ray.entrypoint.Parameter.Command.Injection,/encyclopedia/ips/55266
Dojo.lang.setObject.Function.Remote.Code.Execution,/encyclopedia/ips/55351
GL.iNet.GL-AR300M.OpenVPN.Client.File.Command.Injection,/encyclopedia/ips/55373
SPA-Cart.eCommerce.CMS.brandid.Parameter.SQL.Injection,/encyclopedia/ips/55292
WordPress.Bello.Theme.listing.Multiple.Vulnerabilities,/encyclopedia/ips/55400
WordPress.Edit.Comments.Plugin.jal_edit_comments.SQL.Injection,/encyclopedia/ips/55403
H3C.Devices.AspForm.Go.Buffer.Overflow,/encyclopedia/ips/55142
Hytec.Inter.HWL-2511-SS.popen.cgi.Command.Injection,/encyclopedia/ips/55149
Linux.kernel.UDP.MSG_PEEK.System.Call.Remote.Code.Execution,/encyclopedia/ips/55365
Palo.Alto.Networks.Expedition.Migration.Tool.Command.Injection,/encyclopedia/ips/55354
Palo.Alto.Networks.GlobalProtect.SCEP.Command.Injection,/encyclopedia/ips/55321
Tenda.Devices.WizardHandle.Buffer.Overflow,/encyclopedia/ips/55139
Tenda.Devices.addWifiMacFilter.Buffer.Overflow,/encyclopedia/ips/55143
Tenda.Devices.formSetClientState.limitSpeed.Buffer.Overflow,/encyclopedia/ips/55140
Tenda.Devices.formSetSpeedWan.speed_dir.Buffer.Overflow,/encyclopedia/ips/55141
CSCMS.pic.del.SQL.Injection,/encyclopedia/ips/55246
D-Link.Devices.Genacgi_main.Buffer.Overflow,/encyclopedia/ips/55125
FTCMS.setting.php.Command.Injection,/encyclopedia/ips/55293
GL.iNet.GL-AR300M.Package.Name.Command.Injection,/encyclopedia/ips/55281
IBM.Operational.Decision.Manager.datasource.JNDI.Injection,/encyclopedia/ips/55294
MediaWiki.SemanticDrilldown.SDAppliedFilter.SQL.Injection,/encyclopedia/ips/55257
NETGEAR.Orbi.RBR750.X-Forwarded-Proto.Buffer.Overflow,/encyclopedia/ips/55138
Palo.Alto.Networks.CVE-2021-3064.Memory.Corruption,/encyclopedia/ips/55300
Tenda.AX1803.adslPwd.Parameter.Command.Injection,/encyclopedia/ips/55119
Tenda.Devices.saveParentControlInfo.time.Buffer.Overflow,/encyclopedia/ips/55137
Wavlink.Devices.adm.cgi.Command.Injection,/encyclopedia/ips/55114
Wavlink.Devices.adm.cgi.led_switch.Command.Injection,/encyclopedia/ips/55121
Wavlink.Devices.adm.cgi.wizard_rep.Command.Injection,/encyclopedia/ips/55120
Wavlink.Devices.firewall.cgi.del_mac.Command.Injection,/encyclopedia/ips/55115
Wavlink.Devices.firewall.cgi.websSysFirewall.Command.Injection,/encyclopedia/ips/55110
Wavlink.Devices.login.cgi.key.Command.Injection,/encyclopedia/ips/55124
C-DATA.FD702XW-X-R430.formlanipv6.Command.Injection,/encyclopedia/ips/55092
D-Link.DAP-1330.setDeviceSettings.Buffer.Overflow,/encyclopedia/ips/55090
D-Link.DIR-816.editassignment.Buffer.Overflow,/encyclopedia/ips/55084
D-Link.DIR-816.form2Dhcpip.Buffer.Overflow,/encyclopedia/ips/55081
D-Link.DIR-816.form2IPQoSTcAdd.Buffer.Overflow,/encyclopedia/ips/55085
D-Link.DIR-816.websHostFilter.Buffer.Overflow,/encyclopedia/ips/55087
D-Link.DIR-816.websURLFilter.Buffer.Overflow,/encyclopedia/ips/55086
D-Link.DIR-816.websURLFilterAddDel.Buffer.Overflow,/encyclopedia/ips/55088
Dompdf.SVG.Parsing.Use.Tag.href.Validation.Security.Bypass,/encyclopedia/ips/55245
NETGEAR.ProSAFE.SSL.VPN.SQL.Injection,/encyclopedia/ips/55098
Tenda.Devices.FromSetWirelessRepeat.Buffer.Overflow,/encyclopedia/ips/55105
Tenda.Devices.fromNatStaticSetting.Page.Buffer.Overflow,/encyclopedia/ips/55103
Wavlink.Devices.api.cgi.ufconf.Command.Injection,/encyclopedia/ips/55106
Wavlink.Devices.firewall.cgi.add_mac.Command.Injection,/encyclopedia/ips/55104
Wavlink.Devices.qos.cgi.qos_bandwith.Command.Injection,/encyclopedia/ips/55077
Wavlink.Devices.wireless.cgi.Command.Injection,/encyclopedia/ips/55074
Wavlink.Devices.wireless.cgi.delete_list.Command.Injection,/encyclopedia/ips/55082
Wavlink.Devices.wireless.cgi.mac_5g.Command.Injection,/encyclopedia/ips/55080
Gibbon.Edu.rubrics_visualise_saveAjax.php.Command.Injection,/encyclopedia/ips/55209
Infosoftbd.Clcknshop.tag.Parameter.SQL.Injection,/encyclopedia/ips/55220
PHPSHE.Admin.userlevel_id.Parameter.SQL.Injection,/encyclopedia/ips/55207
Roncoo.Education.ApiUploadController.Arbitrary.File.Upload,/encyclopedia/ips/55222
Sitecore.Security.AntiCSRF.Remote.Code.Execution,/encyclopedia/ips/55175
ASUS.RT-N53.apply_cgi.Command.Injection,/encyclopedia/ips/55055
D-Link.DIR-816.setNetworkLan.Buffer.Overflow,/encyclopedia/ips/55079
D-Link.DIR-816.setSysAdm.Command.Injection,/encyclopedia/ips/55075
D-Link.DIR-882.Blink.Command.Injection,/encyclopedia/ips/55063
D-Link.DIR-882.IPAddress.Command.Injection,/encyclopedia/ips/55054
D-Link.DIR-882.SubnetMask.Command.Injection,/encyclopedia/ips/55060
Home.Assistant.Supervisor.API.Path.Traversal,/encyclopedia/ips/55061
TOTOLINK.A720R.Form_Login.Authentication.Bypass,/encyclopedia/ips/55064
TOTOLINK.LR1200GB.cstecgi.Buffer.Overflow,/encyclopedia/ips/55069
Tenda.Devices.SetFirewallCfg.firewallen.Buffer.Overflow,/encyclopedia/ips/54990
Tenda.Devices.SetPptpServerCfg.endip.Buffer.Overflow,/encyclopedia/ips/55048
Tenda.Devices.SetPptpServerCfg.startIp.Buffer.Overflow,/encyclopedia/ips/55050
Tenda.Devices.SetVirtualServerCfg.list.Buffer.Overflow,/encyclopedia/ips/54994
Tenda.Devices.WifiBasicSet.security_5g.Buffer.Overflow,/encyclopedia/ips/55047
Tenda.Devices.exeCommand.Command.Injection,/encyclopedia/ips/55059
Tenda.Devices.formAddMacfilterRule.deviceList.Buffer.Overflow,/encyclopedia/ips/55065
Tenda.Devices.formSetDeviceName.Buffer.Overflow,/encyclopedia/ips/55071
Wavlink.Devices.qos.cgi.Command.Injection,/encyclopedia/ips/55070
WordPress.Canto.Plugin.Admin.php.Remote.File.Inclusion,/encyclopedia/ips/55183
H3C.Devices.EnableIpv6.Buffer.Overflow,/encyclopedia/ips/54995
Tenda.AC6.openSchedWifi.day.Buffer.Overflow,/encyclopedia/ips/55045
Tenda.AC9.SetIPTVCfg.vlanId.Remote.Command.Injection,/encyclopedia/ips/55041
Tenda.Devices.Formsetqosband.Buffer.Overflow,/encyclopedia/ips/54985
Tenda.Devices.SetSysTimeCfg.ntpserver.Buffer.Overflow,/encyclopedia/ips/55042
Tenda.Devices.openSchedWifi.schedstarttime.Buffer.Overflow,/encyclopedia/ips/55044
Tenda.Devices.saveParentControlInfo.urls.Buffer.Overflow,/encyclopedia/ips/54989
eCharge.cPH2.connectioncheck.php.Command.Injection,/encyclopedia/ips/55018
ASUS.RT-N53.Advanced_LAN_Content.Buffer.Overflow,/encyclopedia/ips/54901
Apple.WebKit.GetterSetter.Object.Type.Confusion,/encyclopedia/ips/54919
Cacti.Cacti.graph_view.SQL.Injection,/encyclopedia/ips/54814
H3C.Devices.Addactionlist.Buffer.Overflow,/encyclopedia/ips/54967
H3C.Devices.Asp_SetTimingtimeWifiAndLed.Buffer.Overflow,/encyclopedia/ips/54960
H3C.Devices.UpdateIpv6Params.Buffer.Overflow,/encyclopedia/ips/54955
H3C.Devices.UpdateSnat.Buffer.Overflow,/encyclopedia/ips/54942
H3C.Devices.edditactionlist.Buffer.Overflow,/encyclopedia/ips/54968
H3C.GR-1200W.UpdateDDNS.Buffer.Overflow,/encyclopedia/ips/54945
H3C.GR-1200W.UpdateMacCloneFinal.Buffer.Overflow,/encyclopedia/ips/54944
H3C.GR-1200W.UpdateOne2One.Buffer.Overflow,/encyclopedia/ips/54954
H3C.GR-1200W.UpdateWanLinkspyMulti.Buffer.Overflow,/encyclopedia/ips/54947
H3C.GR-1200W.UpdateWanModeMulti.Buffer.Overflow,/encyclopedia/ips/54943
H3C.GR-1200W.UpdateWanParamsMulti.Buffer.Overflow,/encyclopedia/ips/54953
Nortek.Linear.eMerge.E3.ReaderNo.Command.Injection,/encyclopedia/ips/54970
SQLiteManager.Main.dbsel.SQL.Injection,/encyclopedia/ips/54977
TP-Link.Devices.DM_Fillobjbystr.Buffer.Overflow,/encyclopedia/ips/54963
TP-Link.TL-WR840N.oal_setIp6DefaultRoute.Command.Injection,/encyclopedia/ips/54946
TP-Link.TL-WR840N.oal_wan6_setIpAddr.Command.Injection,/encyclopedia/ips/54957
Tenda.AC10.compare_parentcontrol_time.Buffer.Overflow,/encyclopedia/ips/54958
Tenda.Devices.fromSetWifiGuestBasic.Buffer.Overflow,/encyclopedia/ips/54961
Tenda.Devices.openSchedWifi.schedEndTime.Buffer.Overflow,/encyclopedia/ips/54981
Tenda.Devices.saveParentControlInfo.deviceId.Buffer.Overflow,/encyclopedia/ips/54979
Tenda.Devices.saveParentControlInfo.nptr.Buffer.Overflow,/encyclopedia/ips/54978
Byzoro.Smart.S85F.importhtml.Command.Injection,/encyclopedia/ips/54868
Dahua.Smart.Park.Management.emap.Arbitrary.File.Upload,/encyclopedia/ips/54855
IonizeCMS.lang_model.php.Command.Injection,/encyclopedia/ips/55073
PrestaShop.Ebewe.City.Autocomplete.Module.SQL.Injection,/encyclopedia/ips/55099
Patton.Smartnode.SN200.Network.Diagnostic.Command.Injection,/encyclopedia/ips/54852
Tenda.W30E.formResetMeshNode.resetMesh.Buffer.Overflow,/encyclopedia/ips/54864
Tenda.W30E.formUpgradeMeshOnline.devices.Buffer.Overflow,/encyclopedia/ips/54881
ABUS.TVIP20000-21150.wireless_mft.Command.Injection,/encyclopedia/ips/54866
COMFAST.XR11.destination.Parameter.Command.Injection,/encyclopedia/ips/54780
JetBrains.TeamCity.BaseController.Authentication.Bypass,/encyclopedia/ips/54906
MLflow.validate_path_is_safe.Path.Traversal,/encyclopedia/ips/54974
Nextcloud.Calendar.BookController.php.Command.Injection,/encyclopedia/ips/54973
Progress.MOVEit.Transfer.human.SQL.Injection,/encyclopedia/ips/54959
TOTOLINK.A7000R.setIpPortFilterRules.Buffer.Overflow,/encyclopedia/ips/54861
TOTOLINK.A7000R.setOpModeCfg.Buffer.Overflow,/encyclopedia/ips/54856
Tenda.AC.Devices.formSetCfm.Buffer.Overflow,/encyclopedia/ips/54752
Tenda.AC10.SetFirewallCfg.Buffer.Overflow,/encyclopedia/ips/54825
Tenda.AC10.deviceList.Parameter.Buffer.Overflow,/encyclopedia/ips/54823
Tenda.AC10.list.Parameter.Buffer.Overflow,/encyclopedia/ips/54807
Tenda.AC11.Devices.Setmac.Stack.Buffer.Overflow,/encyclopedia/ips/54872
Tenda.Devices.PowerSaveSet.time.Buffer.Overflow,/encyclopedia/ips/54811
Tenda.Devices.WifiWpsOOB.Buffer.Overflow,/encyclopedia/ips/54858
Tenda.Devices.formSetAutoPing.Buffer.Overflow,/encyclopedia/ips/54835
Tenda.Devices.fromAddressNat.Buffer.Overflow,/encyclopedia/ips/54839
